{
  "accuracy": 85.66666666666667,
  "total_hits": 514,
  "total_soll": 600,
  "processed": 600,
  "per_class": {
    "Normal": {
      "soll": 500,
      "hits": 472,
      "acc": 94.39999999999999
    },
    "Bruch": {
      "soll": 30,
      "hits": 12,
      "acc": 40.0
    },
    "Farbfehler": {
      "soll": 44,
      "hits": 20,
      "acc": 45.45454545454545
    },
    "Rest": {
      "soll": 26,
      "hits": 10,
      "acc": 38.46153846153847
    }
  }
}