{
  "accuracy": 87.16666666666667,
  "total_hits": 523,
  "total_soll": 600,
  "processed": 600,
  "per_class": {
    "Normal": {
      "soll": 500,
      "hits": 481,
      "acc": 96.2
    },
    "Bruch": {
      "soll": 30,
      "hits": 14,
      "acc": 46.666666666666664
    },
    "Farbfehler": {
      "soll": 44,
      "hits": 15,
      "acc": 34.090909090909086
    },
    "Rest": {
      "soll": 26,
      "hits": 13,
      "acc": 50.0
    }
  }
}